Sample in Buffer,Sample in Window,TRIGGER,u_ila_adc/probe[63:0]
Radix - UNSIGNED,UNSIGNED,UNSIGNED,HEX
0,0,0,6840e00000000004
1,1,0,6840e00000000000
2,2,0,6840e00000000000
3,3,0,6800e00000000004
4,4,0,4880e00000000004
5,5,0,4a00e00000000000
6,6,0,4a00e00000000000
7,7,0,4a00e00000000004
8,8,0,4a00e00000000004
9,9,0,4a00e00000000000
10,10,0,4a00e00000000000
11,11,0,4a20e00000000004
12,12,0,4a20e00000000004
13,13,0,4820e00000000000
14,14,0,4820e00000000000
15,15,0,4800e80000000004
16,16,0,4800e80000000004
17,17,0,4800e80000000000
18,18,0,4800e80000000000
19,19,0,6900e80000000004
20,20,0,6c00e80000000004
21,21,0,6c00e80000000000
22,22,0,6c00e80000000000
23,23,0,6c00e80000000004
24,24,0,6c00e80000000004
25,25,0,6c00e80000000000
26,26,0,6c00e80000000000
27,27,0,6c40e80000000004
28,28,0,6840e80000000004
29,29,0,6840e80000000000
30,30,0,6840e80000000000
31,31,0,6800e80000000004
32,32,0,6800e80000000004
33,33,0,6800e80000000000
34,34,0,4880e80000000000
35,35,0,4a00e80000000004
36,36,0,4a00e80000000004
37,37,0,4a00e80000000000
38,38,0,4a00e80000000000
39,39,0,4a00e80000000004
40,40,0,4a00e80000000004
41,41,0,4a00e80000000000
42,42,0,4a00e80000000000
43,43,0,4820e80000000004
44,44,0,4820e80000000004
45,45,0,4820e80000000000
46,46,0,4820e80000000000
47,47,0,4800f00000000004
48,48,0,4800f00000000004
49,49,0,6900f00000000000
50,50,0,6c00f00000000000
51,51,0,6c00f00000000004
52,52,0,6c00f00000000004
53,53,0,6c00f00000000000
54,54,0,6c00f00000000000
55,55,0,6c00f00000000004
56,56,0,6c00f00000000004
57,57,0,6c00f00000000000
58,58,0,6800f00000000000
59,59,0,6840f00000000004
60,60,0,6840f00000000004
61,61,0,6840f00000000000
62,62,0,6840f00000000000
63,63,0,6800f00000000004
64,64,0,4880f00000000004
65,65,0,4a00f00000000000
66,66,0,4a00f00000000000
67,67,0,4a00f00000000004
68,68,0,4a00f00000000004
69,69,0,4a00f00000000000
70,70,0,4a00f00000000000
71,71,0,4a20f00000000004
72,72,0,4a20f00000000004
73,73,0,4820f00000000000
74,74,0,4820f00000000000
75,75,0,4800f80000000004
76,76,0,4800f80000000004
77,77,0,4800f80000000000
78,78,0,4800f80000000000
79,79,0,6900f80000000004
80,80,0,6c00f80000000004
81,81,0,6c00f80000000000
82,82,0,6c00f80000000000
83,83,0,6c00f80000000004
84,84,0,6c00f80000000004
85,85,0,6c00f80000000000
86,86,0,6c00f80000000000
87,87,0,6c40f80000000004
88,88,0,6840f80000000004
89,89,0,6840f80000000000
90,90,0,6840f80000000000
91,91,0,6800f80000000004
92,92,0,6800f80000000004
93,93,0,6800f80000000000
94,94,0,4880f80000000000
95,95,0,4a00f80000000004
96,96,0,4a00f80000000004
97,97,0,4a00f80000000000
98,98,0,4a00f80000000000
99,99,0,4a00f80000000004
100,100,0,4a00f80000000004
101,101,0,4a00f80000000000
102,102,0,4a00f80000000000
103,103,0,4820f80000000004
104,104,0,4820f80000000004
105,105,0,4820f80000000000
106,106,0,4820f80000000000
107,107,0,4801000000000004
108,108,0,4801000000000004
109,109,0,6901000000000000
110,110,0,6c01000000000000
111,111,0,6c01000000000004
112,112,0,6c01000000000004
113,113,0,6c01000000000000
114,114,0,6c01000000000000
115,115,0,6c01000000000004
116,116,0,6c01000000000004
117,117,0,6c01000000000000
118,118,0,6801000000000000
119,119,0,6841000000000004
120,120,0,6841000000000004
121,121,0,6841000000000000
122,122,0,6841000000000000
123,123,0,6801000000000004
124,124,0,4881000000000004
125,125,0,4a01000000000000
126,126,0,4a01000000000000
127,127,0,4a01000000000004
128,128,0,4a01000000000004
129,129,0,4a01000000000000
130,130,0,4a01000000000000
131,131,0,4a21000000000004
132,132,0,4a21000000000004
133,133,0,4821000000000000
134,134,0,4821000000000000
135,135,0,4801080000000004
136,136,0,4801080000000004
137,137,0,4801080000000000
138,138,0,4801080000000000
139,139,0,6901080000000004
140,140,0,6c01080000000004
141,141,0,6c01080000000000
142,142,0,6c01080000000000
143,143,0,6c01080000000004
144,144,0,6c01080000000004
145,145,0,6c01080000000000
146,146,0,6c01080000000000
147,147,0,6c41080000000004
148,148,0,6841080000000004
149,149,0,6841080000000000
150,150,0,6841080000000000
151,151,0,6801080000000004
152,152,0,6801080000000004
153,153,0,6801080000000000
154,154,0,4881080000000000
155,155,0,4a01080000000004
156,156,0,4a01080000000004
157,157,0,4a01080000000000
158,158,0,4a01080000000000
159,159,0,4a01080000000004
160,160,0,4a01080000000004
161,161,0,4a01080000000000
162,162,0,4a01080000000000
163,163,0,4821080000000004
164,164,0,4821080000000004
165,165,0,4821080000000000
166,166,0,4821080000000000
167,167,0,4801100000000004
168,168,0,4801100000000004
169,169,0,6901100000000000
170,170,0,6c01100000000000
171,171,0,6c01100000000004
172,172,0,6c01100000000004
173,173,0,6c01100000000000
174,174,0,6c01100000000000
175,175,0,6c01100000000004
176,176,0,6c01100000000004
177,177,0,6c01100000000000
178,178,0,6801100000000000
179,179,0,6841100000000004
180,180,0,6841100000000004
181,181,0,6841100000000000
182,182,0,6841100000000000
183,183,0,6801100000000004
184,184,0,4881100000000004
185,185,0,4a01100000000000
186,186,0,4a01100000000000
187,187,0,4a01100000000004
188,188,0,4a01100000000004
189,189,0,4a01100000000000
190,190,0,4a01100000000000
191,191,0,4a21100000000004
192,192,0,4a21100000000004
193,193,0,4821100000000000
194,194,0,4821100000000000
195,195,0,4801180000000004
196,196,0,4801180000000004
197,197,0,4801180000000000
198,198,0,4801180000000000
199,199,0,6901180000000004
200,200,0,6c01180000000004
201,201,0,6c01180000000000
202,202,0,6c01180000000000
203,203,0,6c01180000000004
204,204,0,6c01180000000004
205,205,0,6c01180000000000
206,206,0,6c01180000000000
207,207,0,6c41180000000004
208,208,0,6841180000000004
209,209,0,6841180000000000
210,210,0,6841180000000000
211,211,0,6801180000000004
212,212,0,6801180000000004
213,213,0,6801180000000000
214,214,0,4881180000000000
215,215,0,4a01180000000004
216,216,0,4a01180000000004
217,217,0,4a01180000000000
218,218,0,4a01180000000000
219,219,0,4a01180000000004
220,220,0,4a01180000000004
221,221,0,4a01180000000000
222,222,0,4a01180000000000
223,223,0,4821180000000004
224,224,0,4821180000000004
225,225,0,4821180000000000
226,226,0,4821180000000000
227,227,0,4801200000000004
228,228,0,4801200000000004
229,229,0,6901200000000000
230,230,0,6c01200000000000
231,231,0,6c01200000000004
232,232,0,6c01200000000004
233,233,0,6c01200000000000
234,234,0,6c01200000000000
235,235,0,6c01200000000004
236,236,0,6c01200000000004
237,237,0,6c01200000000000
238,238,0,6801200000000000
239,239,0,6841200000000004
240,240,0,6841200000000004
241,241,0,6841200000000000
242,242,0,6841200000000000
243,243,0,6801200000000004
244,244,0,4881200000000004
245,245,0,4a01200000000000
246,246,0,4a01200000000000
247,247,0,4a01200000000004
248,248,0,4a01200000000004
249,249,0,4a01200000000000
250,250,0,4a01200000000000
251,251,0,4a21200000000004
252,252,0,4a21200000000004
253,253,0,4821200000000000
254,254,0,4821200000000000
255,255,0,4801280000000004
256,256,0,4801280000000004
257,257,0,4801280000000000
258,258,0,4801280000000000
259,259,0,6901280000000004
260,260,0,6c01280000000004
261,261,0,6c01280000000000
262,262,0,6c01280000000000
263,263,0,6c01280000000004
264,264,0,6c01280000000004
265,265,0,6c01280000000000
266,266,0,6c01280000000000
267,267,0,6c41280000000004
268,268,0,6841280000000004
269,269,0,6841280000000000
270,270,0,6841280000000000
271,271,0,6801280000000004
272,272,0,6801280000000004
273,273,0,6801280000000000
274,274,0,4881280000000000
275,275,0,4a01280000000004
276,276,0,4a01280000000004
277,277,0,4a01280000000000
278,278,0,4a01280000000000
279,279,0,4a01280000000004
280,280,0,4a01280000000004
281,281,0,4a01280000000000
282,282,0,4a01280000000000
283,283,0,4821280000000004
284,284,0,4821280000000004
285,285,0,4821280000000000
286,286,0,4821280000000000
287,287,0,4801300000000004
288,288,0,4801300000000004
289,289,0,6901300000000000
290,290,0,6c01300000000000
291,291,0,6c01300000000004
292,292,0,6c01300000000004
293,293,0,6c01300000000000
294,294,0,6c01300000000000
295,295,0,6c01300000000004
296,296,0,6c01300000000004
297,297,0,6c01300000000000
298,298,0,6801300000000000
299,299,0,6841300000000004
300,300,0,6841300000000004
301,301,0,6841300000000000
302,302,0,6841300000000000
303,303,0,6801300000000004
304,304,0,4881300000000004
305,305,0,4a01300000000000
306,306,0,4a01300000000000
307,307,0,4a01300000000004
308,308,0,4a01300000000004
309,309,0,4a01300000000000
310,310,0,4a01300000000000
311,311,0,4a21300000000004
312,312,0,4a21300000000004
313,313,0,4821300000000000
314,314,0,4821300000000000
315,315,0,4801380000000004
316,316,0,4801380000000004
317,317,0,4801380000000000
318,318,0,4801380000000000
319,319,0,6901380000000004
320,320,0,6c01380000000004
321,321,0,6c01380000000000
322,322,0,6c01380000000000
323,323,0,6c01380000000004
324,324,0,6c01380000000004
325,325,0,6c01380000000000
326,326,0,6c01380000000000
327,327,0,6c41380000000004
328,328,0,6841380000000004
329,329,0,6841380000000000
330,330,0,6841380000000000
331,331,0,6801380000000004
332,332,0,6801380000000004
333,333,0,6801380000000000
334,334,0,4881380000000000
335,335,0,4a01380000000004
336,336,0,4a01380000000004
337,337,0,4a01380000000000
338,338,0,4a01380000000000
339,339,0,4a01380000000004
340,340,0,4a01380000000004
341,341,0,4a01380000000000
342,342,0,4a01380000000000
343,343,0,4821380000000004
344,344,0,4821380000000004
345,345,0,4821380000000000
346,346,0,4821380000000000
347,347,0,4801400000000004
348,348,0,4801400000000004
349,349,0,6901400000000000
350,350,0,6c01400000000000
351,351,0,6c01400000000004
352,352,0,6c01400000000004
353,353,0,6c01400000000000
354,354,0,6c01400000000000
355,355,0,6c01400000000004
356,356,0,6c01400000000004
357,357,0,6c01400000000000
358,358,0,6801400000000000
359,359,0,6841400000000004
360,360,0,6841400000000004
361,361,0,6841400000000000
362,362,0,6841400000000000
363,363,0,6801400000000004
364,364,0,4881400000000004
365,365,0,4a01400000000000
366,366,0,4a01400000000000
367,367,0,4a01400000000004
368,368,0,4a01400000000004
369,369,0,4a01400000000000
370,370,0,4a01400000000000
371,371,0,4a21400000000004
372,372,0,4a21400000000004
373,373,0,4821400000000000
374,374,0,4821400000000000
375,375,0,4801480000000004
376,376,0,4801480000000004
377,377,0,4801480000000000
378,378,0,4801480000000000
379,379,0,6901480000000004
380,380,0,6c01480000000004
381,381,0,6c01480000000000
382,382,0,6c01480000000000
383,383,0,6c01480000000004
384,384,0,6c01480000000004
385,385,0,6c01480000000000
386,386,0,6c01480000000000
387,387,0,6c41480000000004
388,388,0,6841480000000004
389,389,0,6841480000000000
390,390,0,6841480000000000
391,391,0,6801480000000004
392,392,0,6801480000000004
393,393,0,6801480000000000
394,394,0,4881480000000000
395,395,0,4a01480000000004
396,396,0,4a01480000000004
397,397,0,4a01480000000000
398,398,0,4a01480000000000
399,399,0,4a01480000000004
400,400,0,4a01480000000004
401,401,0,4a01480000000000
402,402,0,4a01480000000000
403,403,0,4821480000000004
404,404,0,4821480000000004
405,405,0,4821480000000000
406,406,0,4821480000000000
407,407,0,4801500000000004
408,408,0,4801500000000004
409,409,0,6901500000000000
410,410,0,6c01500000000000
411,411,0,6c01500000000004
412,412,0,6c01500000000004
413,413,0,6c01500000000000
414,414,0,6c01500000000000
415,415,0,6c01500000000004
416,416,0,6c01500000000004
417,417,0,6c01500000000000
418,418,0,6801500000000000
419,419,0,6841500000000004
420,420,0,6841500000000004
421,421,0,6841500000000000
422,422,0,6841500000000000
423,423,0,6801500000000004
424,424,0,4881500000000004
425,425,0,4a01500000000000
426,426,0,4a01500000000000
427,427,0,4a01500000000004
428,428,0,4a01500000000004
429,429,0,4a01500000000000
430,430,0,4a01500000000000
431,431,0,4a21500000000004
432,432,0,4a21500000000004
433,433,0,4821500000000000
434,434,0,4821500000000000
435,435,0,4801580000000004
436,436,0,4801580000000004
437,437,0,4801580000000000
438,438,0,4801580000000000
439,439,0,6901580000000004
440,440,0,6c01580000000004
441,441,0,6c01580000000000
442,442,0,6c01580000000000
443,443,0,6c01580000000004
444,444,0,6c01580000000004
445,445,0,6c01580000000000
446,446,0,6c01580000000000
447,447,0,6c41580000000004
448,448,0,6841580000000004
449,449,0,6841580000000000
450,450,0,6841580000000000
451,451,0,6801580000000004
452,452,0,6801580000000004
453,453,0,6801580000000000
454,454,0,4881580000000000
455,455,0,4a01580000000004
456,456,0,4a01580000000004
457,457,0,4a01580000000000
458,458,0,4a01580000000000
459,459,0,4a01580000000004
460,460,0,4a01580000000004
461,461,0,4a01580000000000
462,462,0,4a01580000000000
463,463,0,4821580000000004
464,464,0,4821580000000004
465,465,0,4821580000000000
466,466,0,4821580000000000
467,467,0,4801600000000004
468,468,0,4801600000000004
469,469,0,6901600000000000
470,470,0,6c01600000000000
471,471,0,6c01600000000004
472,472,0,6c01600000000004
473,473,0,6c01600000000000
474,474,0,6c01600000000000
475,475,0,6c01600000000004
476,476,0,6c01600000000004
477,477,0,6c01600000000000
478,478,0,6801600000000000
479,479,0,6841600000000004
480,480,0,6841600000000004
481,481,0,6841600000000000
482,482,0,6841600000000000
483,483,0,6801600000000004
484,484,0,4881600000000004
485,485,0,4a01600000000000
486,486,0,4a01600000000000
487,487,0,4a01600000000004
488,488,0,4a01600000000004
489,489,0,4a01600000000000
490,490,0,4a01600000000000
491,491,0,4a21600000000004
492,492,0,4a21600000000004
493,493,0,4821600000000000
494,494,0,4821600000000000
495,495,0,4801680000000004
496,496,0,4801680000000004
497,497,0,4801680000000000
498,498,0,4801680000000000
499,499,0,6901680000000004
500,500,0,6c01680000000004
501,501,0,6c01680000000000
502,502,0,6c01680000000000
503,503,0,6c01680000000004
504,504,0,6c01680000000004
505,505,0,6c01680000000000
506,506,0,6c01680000000000
507,507,0,6c41680000000004
508,508,0,6841680000000004
509,509,0,6841680000000000
510,510,0,6841680000000000
511,511,0,6801680000000004
512,512,0,6801680000000004
513,513,0,6801680000000000
514,514,0,4881680000000000
515,515,0,4a01680000000004
516,516,0,4a01680000000004
517,517,0,4a01680000000000
518,518,0,4a01680000000000
519,519,0,4a01680000000004
520,520,0,4a01680000000004
521,521,0,4a01680000000000
522,522,0,4a01680000000000
523,523,0,4821680000000004
524,524,0,4821680000000004
525,525,0,4821680000000000
526,526,0,4821680000000000
527,527,0,4801700000000004
528,528,0,4801700000000004
529,529,0,6901700000000000
530,530,0,6c01700000000000
531,531,0,6c01700000000004
532,532,0,6c01700000000004
533,533,0,6c01700000000000
534,534,0,6c01700000000000
535,535,0,6c01700000000004
536,536,0,6c01700000000004
537,537,0,6c01700000000000
538,538,0,6801700000000000
539,539,0,6841700000000004
540,540,0,6841700000000004
541,541,0,6841700000000000
542,542,0,6841700000000000
543,543,0,6801700000000004
544,544,0,4881700000000004
545,545,0,4a01700000000000
546,546,0,4a01700000000000
547,547,0,4a01700000000004
548,548,0,4a01700000000004
549,549,0,4a01700000000000
550,550,0,4a01700000000000
551,551,0,4a21700000000004
552,552,0,4a21700000000004
553,553,0,4821700000000000
554,554,0,4821700000000000
555,555,0,4801780000000004
556,556,0,4801780000000004
557,557,0,4801780000000000
558,558,0,4801780000000000
559,559,0,6901780000000004
560,560,0,6c01780000000004
561,561,0,6c01780000000000
562,562,0,6c01780000000000
563,563,0,6c01780000000004
564,564,0,6c01780000000004
565,565,0,6c01780000000000
566,566,0,6c01780000000000
567,567,0,6c41780000000004
568,568,0,6841780000000004
569,569,0,6841780000000000
570,570,0,6841780000000000
571,571,0,6801780000000004
572,572,0,6801780000000004
573,573,0,6801780000000000
574,574,0,4881780000000000
575,575,0,4a01780000000004
576,576,0,4a01780000000004
577,577,0,4a01780000000000
578,578,0,4a01780000000000
579,579,0,4a01780000000004
580,580,0,4a01780000000004
581,581,0,4a01780000000000
582,582,0,4a01780000000000
583,583,0,4821780000000004
584,584,0,4821780000000004
585,585,0,4821780000000000
586,586,0,4821780000000000
587,587,0,4801800000000004
588,588,0,4801800000000004
589,589,0,6901800000000000
590,590,0,6c01800000000000
591,591,0,6c01800000000004
592,592,0,6c01800000000004
593,593,0,6c01800000000000
594,594,0,6c01800000000000
595,595,0,6c01800000000004
596,596,0,6c01800000000004
597,597,0,6c01800000000000
598,598,0,6801800000000000
599,599,0,6841800000000004
600,600,0,6841800000000004
601,601,0,6841800000000000
602,602,0,6841800000000000
603,603,0,6801800000000004
604,604,0,4881800000000004
605,605,0,4a01800000000000
606,606,0,4a01800000000000
607,607,0,4a01800000000004
608,608,0,4a01800000000004
609,609,0,4a01800000000000
610,610,0,4a01800000000000
611,611,0,4a21800000000004
612,612,0,4a21800000000004
613,613,0,4821800000000000
614,614,0,4821800000000000
615,615,0,4801880000000004
616,616,0,4801880000000004
617,617,0,4801880000000000
618,618,0,4801880000000000
619,619,0,6901880000000004
620,620,0,6c01880000000004
621,621,0,6c01880000000000
622,622,0,6c01880000000000
623,623,0,6c01880000000004
624,624,0,6c01880000000004
625,625,0,6c01880000000000
626,626,0,6c01880000000000
627,627,0,6c41880000000004
628,628,0,6841880000000004
629,629,0,6841880000000000
630,630,0,6841880000000000
631,631,0,6801880000000004
632,632,0,6801880000000004
633,633,0,6801880000000000
634,634,0,4881880000000000
635,635,0,4a01880000000004
636,636,0,4a01880000000004
637,637,0,4a01880000000000
638,638,0,4a01880000000000
639,639,0,4a01880000000004
640,640,0,4a01880000000004
641,641,0,4a01880000000000
642,642,0,4a01880000000000
643,643,0,4821880000000004
644,644,0,4821880000000004
645,645,0,4821880000000000
646,646,0,4821880000000000
647,647,0,4801900000000004
648,648,0,4801900000000004
649,649,0,6901900000000000
650,650,0,6c01900000000000
651,651,0,6c01900000000004
652,652,0,6c01900000000004
653,653,0,6c01900000000000
654,654,0,6c01900000000000
655,655,0,6c01900000000004
656,656,0,6c01900000000004
657,657,0,6c01900000000000
658,658,0,6801900000000000
659,659,0,6841900000000004
660,660,0,6841900000000004
661,661,0,6841900000000000
662,662,0,6841900000000000
663,663,0,6801900000000004
664,664,0,4881900000000004
665,665,0,4a01900000000000
666,666,0,4a01900000000000
667,667,0,4a01900000000004
668,668,0,4a01900000000004
669,669,0,4a01900000000000
670,670,0,4a01900000000000
671,671,0,4a21900000000004
672,672,0,4a21900000000004
673,673,0,4821900000000000
674,674,0,4821900000000000
675,675,0,4801980000000004
676,676,0,4801980000000004
677,677,0,4801980000000000
678,678,0,4801980000000000
679,679,0,6901980000000004
680,680,0,6c01980000000004
681,681,0,6c01980000000000
682,682,0,6c01980000000000
683,683,0,6c01980000000004
684,684,0,6c01980000000004
685,685,0,6c01980000000000
686,686,0,6c01980000000000
687,687,0,6c41980000000004
688,688,0,6841980000000004
689,689,0,6841980000000000
690,690,0,6841980000000000
691,691,0,6801980000000004
692,692,0,6801980000000004
693,693,0,6801980000000000
694,694,0,4881980000000000
695,695,0,4a01980000000004
696,696,0,4a01980000000004
697,697,0,4a01980000000000
698,698,0,4a01980000000000
699,699,0,4a01980000000004
700,700,0,4a01980000000004
701,701,0,4a01980000000000
702,702,0,4a01980000000000
703,703,0,4821980000000004
704,704,0,4821980000000004
705,705,0,4821980000000000
706,706,0,4821980000000000
707,707,0,4801a00000000004
708,708,0,4801a00000000004
709,709,0,6901a00000000000
710,710,0,6c01a00000000000
711,711,0,6c01a00000000004
712,712,0,6c01a00000000004
713,713,0,6c01a00000000000
714,714,0,6c01a00000000000
715,715,0,6c01a00000000004
716,716,0,6c01a00000000004
717,717,0,6c01a00000000000
718,718,0,6801a00000000000
719,719,0,6841a00000000004
720,720,0,6841a00000000004
721,721,0,6841a00000000000
722,722,0,6841a00000000000
723,723,0,6801a00000000004
724,724,0,4881a00000000004
725,725,0,4a01a00000000000
726,726,0,4a01a00000000000
727,727,0,4a01a00000000004
728,728,0,4a01a00000000004
729,729,0,4a01a00000000000
730,730,0,4a01a00000000000
731,731,0,4a21a00000000004
732,732,0,4a21a00000000004
733,733,0,4821a00000000000
734,734,0,4821a00000000000
735,735,0,4801a80000000004
736,736,0,4801a80000000004
737,737,0,4801a80000000000
738,738,0,4801a80000000000
739,739,0,6901a80000000004
740,740,0,6c01a80000000004
741,741,0,6c01a80000000000
742,742,0,6c01a80000000000
743,743,0,6c01a80000000004
744,744,0,6c01a80000000004
745,745,0,6c01a80000000000
746,746,0,6c01a80000000000
747,747,0,6c41a80000000004
748,748,0,6841a80000000004
749,749,0,6841a80000000000
750,750,0,6841a80000000000
751,751,0,6801a80000000004
752,752,0,6801a80000000004
753,753,0,6801a80000000000
754,754,0,4881a80000000000
755,755,0,4a01a80000000004
756,756,0,4a01a80000000004
757,757,0,4a01a80000000000
758,758,0,4a01a80000000000
759,759,0,4a01a80000000004
760,760,0,4a01a80000000004
761,761,0,4a01a80000000000
762,762,0,4a01a80000000000
763,763,0,4821a80000000004
764,764,0,4821a80000000004
765,765,0,4821a80000000000
766,766,0,4821a80000000000
767,767,0,4801b00000000004
768,768,0,4801b00000000004
769,769,0,6901b00000000000
770,770,0,6c01b00000000000
771,771,0,6c01b00000000004
772,772,0,6c01b00000000004
773,773,0,6c01b00000000000
774,774,0,6c01b00000000000
775,775,0,6c01b00000000004
776,776,0,6c01b00000000004
777,777,0,6c01b00000000000
778,778,0,6801b00000000000
779,779,0,6841b00000000004
780,780,0,6841b00000000004
781,781,0,6841b00000000000
782,782,0,6841b00000000000
783,783,0,6801b00000000004
784,784,0,4881b00000000004
785,785,0,4a01b00000000000
786,786,0,4a01b00000000000
787,787,0,4a01b00000000004
788,788,0,4a01b00000000004
789,789,0,4a01b00000000000
790,790,0,4a01b00000000000
791,791,0,4a21b00000000004
792,792,0,4a21b00000000004
793,793,0,4821b00000000000
794,794,0,4821b00000000000
795,795,0,4801b80000000004
796,796,0,4801b80000000004
797,797,0,4801b80000000000
798,798,0,4801b80000000000
799,799,0,6901b80000000004
800,800,0,6c01b80000000004
801,801,0,6c01b80000000000
802,802,0,6c01b80000000000
803,803,0,6c01b80000000004
804,804,0,6c01b80000000004
805,805,0,6c01b80000000000
806,806,0,6c01b80000000000
807,807,0,6c41b80000000004
808,808,0,6841b80000000004
809,809,0,6841b80000000000
810,810,0,6841b80000000000
811,811,0,6801b80000000004
812,812,0,6801b80000000004
813,813,0,6801b80000000000
814,814,0,4881b80000000000
815,815,0,4a01b80000000004
816,816,0,4a01b80000000004
817,817,0,4a01b80000000000
818,818,0,4a01b80000000000
819,819,0,4a01b80000000004
820,820,0,4a01b80000000004
821,821,0,4a01b80000000000
822,822,0,4a01b80000000000
823,823,0,4821b80000000004
824,824,0,4821b80000000004
825,825,0,4821b80000000000
826,826,0,4821b80000000000
827,827,0,4801c00000000004
828,828,0,4801c00000000004
829,829,0,6901c00000000000
830,830,0,6c01c00000000000
831,831,0,6c01c00000000004
832,832,0,6c01c00000000004
833,833,0,6c01c00000000000
834,834,0,6c01c00000000000
835,835,0,6c01c00000000004
836,836,0,6c01c00000000004
837,837,0,6c01c00000000000
838,838,0,6801c00000000000
839,839,0,6841c00000000004
840,840,0,6841c00000000004
841,841,0,6841c00000000000
842,842,0,6841c00000000000
843,843,0,6801c00000000004
844,844,0,4881c00000000004
845,845,0,4a01c00000000000
846,846,0,4a01c00000000000
847,847,0,4a01c00000000004
848,848,0,4a01c00000000004
849,849,0,4a01c00000000000
850,850,0,4a01c00000000000
851,851,0,4a21c00000000004
852,852,0,4a21c00000000004
853,853,0,4821c00000000000
854,854,0,4821c00000000000
855,855,0,4801c80000000004
856,856,0,4801c80000000004
857,857,0,4801c80000000000
858,858,0,4801c80000000000
859,859,0,6901c80000000004
860,860,0,6c01c80000000004
861,861,0,6c01c80000000000
862,862,0,6c01c80000000000
863,863,0,6c01c80000000004
864,864,0,6c01c80000000004
865,865,0,6c01c80000000000
866,866,0,6c01c80000000000
867,867,0,6c41c80000000004
868,868,0,6841c80000000004
869,869,0,6841c80000000000
870,870,0,6841c80000000000
871,871,0,6801c80000000004
872,872,0,6801c80000000004
873,873,0,6801c80000000000
874,874,0,4881c80000000000
875,875,0,4a01c80000000004
876,876,0,4a01c80000000004
877,877,0,4a01c80000000000
878,878,0,4a01c80000000000
879,879,0,4a01c80000000004
880,880,0,4a01c80000000004
881,881,0,4a01c80000000000
882,882,0,4a01c80000000000
883,883,0,4821c80000000004
884,884,0,4821c80000000004
885,885,0,4821c80000000000
886,886,0,4821c80000000000
887,887,0,4801d00000000004
888,888,0,4801d00000000004
889,889,0,6901d00000000000
890,890,0,6c01d00000000000
891,891,0,6c01d00000000004
892,892,0,6c01d00000000004
893,893,0,6c01d00000000000
894,894,0,6c01d00000000000
895,895,0,6c01d00000000004
896,896,0,6c01d00000000004
897,897,0,6c01d00000000000
898,898,0,6801d00000000000
899,899,0,6841d00000000004
900,900,0,6841d00000000004
901,901,0,6841d00000000000
902,902,0,6841d00000000000
903,903,0,6801d00000000004
904,904,0,4881d00000000004
905,905,0,4a01d00000000000
906,906,0,4a01d00000000000
907,907,0,4a01d00000000004
908,908,0,4a01d00000000004
909,909,0,4a01d00000000000
910,910,0,4a01d00000000000
911,911,0,4a21d00000000004
912,912,0,4a21d00000000004
913,913,0,4821d00000000000
914,914,0,4821d00000000000
915,915,0,4801d80000000004
916,916,0,4801d80000000004
917,917,0,4801d80000000000
918,918,0,4801d80000000000
919,919,0,6901d80000000004
920,920,0,6c01d80000000004
921,921,0,6c01d80000000000
922,922,0,6c01d80000000000
923,923,0,6c01d80000000004
924,924,0,6c01d80000000004
925,925,0,6c01d80000000000
926,926,0,6c01d80000000000
927,927,0,6c41d80000000004
928,928,0,6841d80000000004
929,929,0,6841d80000000000
930,930,0,6841d80000000000
931,931,0,6801d80000000004
932,932,0,6801d80000000004
933,933,0,6801d80000000000
934,934,0,4881d80000000000
935,935,0,4a01d80000000004
936,936,0,4a01d80000000004
937,937,0,4a01d80000000000
938,938,0,4a01d80000000000
939,939,0,4a01d80000000004
940,940,0,4a01d80000000004
941,941,0,4a01d80000000000
942,942,0,4a01d80000000000
943,943,0,4821d80000000004
944,944,0,4821d80000000004
945,945,0,4821d80000000000
946,946,0,4821d80000000000
947,947,0,4801e00000000004
948,948,0,4801e00000000004
949,949,0,6901e00000000000
950,950,0,6c01e00000000000
951,951,0,6c01e00000000004
952,952,0,6c01e00000000004
953,953,0,6c01e00000000000
954,954,0,6c01e00000000000
955,955,0,6c01e00000000004
956,956,0,6c01e00000000004
957,957,0,6c01e00000000000
958,958,0,6801e00000000000
959,959,0,6841e00000000004
960,960,0,6841e00000000004
961,961,0,6841e00000000000
962,962,0,6841e00000000000
963,963,0,6801e00000000004
964,964,0,4881e00000000004
965,965,0,4a01e00000000000
966,966,0,4a01e00000000000
967,967,0,4a01e00000000004
968,968,0,4a01e00000000004
969,969,0,4a01e00000000000
970,970,0,4a01e00000000000
971,971,0,4a21e00000000004
972,972,0,4a21e00000000004
973,973,0,4821e00000000000
974,974,0,4821e00000000000
975,975,0,4801e80000000004
976,976,0,4801e80000000004
977,977,0,4801e80000000000
978,978,0,4801e80000000000
979,979,0,6901e80000000004
980,980,0,6c01e80000000004
981,981,0,6c01e80000000000
982,982,0,6c01e80000000000
983,983,0,6c01e80000000004
984,984,0,6c01e80000000004
985,985,0,6c01e80000000000
986,986,0,6c01e80000000000
987,987,0,6c41e80000000004
988,988,0,6841e80000000004
989,989,0,6841e80000000000
990,990,0,6841e80000000000
991,991,0,6801e80000000004
992,992,0,6801e80000000004
993,993,0,6801e80000000000
994,994,0,4881e80000000000
995,995,0,4a01e80000000004
996,996,0,4a01e80000000004
997,997,0,4a01e80000000000
998,998,0,4a01e80000000000
999,999,0,4a01e80000000004
1000,1000,0,4a01e80000000004
1001,1001,0,4a01e80000000000
1002,1002,0,4a01e80000000000
1003,1003,0,4821e80000000004
1004,1004,0,4821e80000000004
1005,1005,0,4821e80000000000
1006,1006,0,4821e80000000000
1007,1007,0,4801f00000000004
1008,1008,0,4801f00000000004
1009,1009,0,6901f00000000000
1010,1010,0,6c01f00000000000
1011,1011,0,6c01f00000000004
1012,1012,0,6c01f00000000004
1013,1013,0,6c01f00000000000
1014,1014,0,6c01f00000000000
1015,1015,0,6c01f00000000004
1016,1016,0,6c01f00000000004
1017,1017,0,6c01f00000000000
1018,1018,0,6801f00000000000
1019,1019,0,6841f00000000004
1020,1020,0,6841f00000000004
1021,1021,0,6841f00000000000
1022,1022,0,6841f00000000000
1023,1023,0,6801f00000000004
1024,1024,1,4881f00000000004
1025,1025,0,4a01f00000000000
1026,1026,0,4a01f00000000000
1027,1027,0,4a01f00000000004
1028,1028,0,4a01f00000000004
1029,1029,0,4a01f00000000000
1030,1030,0,4a01f00000000000
1031,1031,0,4a21f00000000004
1032,1032,0,4a21f00000000004
1033,1033,0,4821f00000000000
1034,1034,0,4821f00000000000
1035,1035,0,4801f80000000004
1036,1036,0,4801f80000000004
1037,1037,0,4801f80000000000
1038,1038,0,4801f80000000000
1039,1039,0,6901f80000000004
1040,1040,0,6c01f80000000004
1041,1041,0,6c01f80000000000
1042,1042,0,6c01f80000000000
1043,1043,0,6c01f80000000004
1044,1044,0,6c01f80000000004
1045,1045,0,6c01f80000000000
1046,1046,0,6c01f80000000000
1047,1047,0,6c41f80000000004
1048,1048,0,6841f80000000004
1049,1049,0,6841f80000000000
1050,1050,0,6841f80000000000
1051,1051,0,6801f80000000004
1052,1052,0,6801f80000000004
1053,1053,0,6801f80000000000
1054,1054,0,4881f80000000000
1055,1055,0,4a01f80000000004
1056,1056,0,4a01f80000000004
1057,1057,0,4a01f80000000000
1058,1058,0,4a01f80000000000
1059,1059,0,4a01f80000000004
1060,1060,0,4a01f80000000004
1061,1061,0,4a01f80000000000
1062,1062,0,4a01f80000000000
1063,1063,0,4821f80000000004
1064,1064,0,4821f80000000004
1065,1065,0,4821f80000000000
1066,1066,0,4821f80000000000
1067,1067,0,4802000000000004
1068,1068,0,4802000000000004
1069,1069,0,6902000000000000
1070,1070,0,6c02000000000000
1071,1071,0,6c02000000000004
1072,1072,0,6c02000000000004
1073,1073,0,6c02000000000000
1074,1074,0,6c02000000000000
1075,1075,0,6c02000000000004
1076,1076,0,6c02000000000004
1077,1077,0,6c02000000000000
1078,1078,0,6802000000000000
1079,1079,0,6842000000000004
1080,1080,0,6842000000000004
1081,1081,0,6842000000000000
1082,1082,0,6842000000000000
1083,1083,0,6802000000000004
1084,1084,0,4882000000000004
1085,1085,0,4a02000000000000
1086,1086,0,4a02000000000000
1087,1087,0,4a02000000000004
1088,1088,0,4a02000000000004
1089,1089,0,4a02000000000000
1090,1090,0,4a02000000000000
1091,1091,0,4a22000000000004
1092,1092,0,4a22000000000004
1093,1093,0,4822000000000000
1094,1094,0,4822000000000000
1095,1095,0,4802080000000004
1096,1096,0,4802080000000004
1097,1097,0,4802080000000000
1098,1098,0,4802080000000000
1099,1099,0,6902080000000004
1100,1100,0,6c02080000000004
1101,1101,0,6c02080000000000
1102,1102,0,6c02080000000000
1103,1103,0,6c02080000000004
1104,1104,0,6c02080000000004
1105,1105,0,6c02080000000000
1106,1106,0,6c02080000000000
1107,1107,0,6c42080000000004
1108,1108,0,6842080000000004
1109,1109,0,6842080000000000
1110,1110,0,6842080000000000
1111,1111,0,6802080000000004
1112,1112,0,6802080000000004
1113,1113,0,6802080000000000
1114,1114,0,4882080000000000
1115,1115,0,4a02080000000004
1116,1116,0,4a02080000000004
1117,1117,0,4a02080000000000
1118,1118,0,4a02080000000000
1119,1119,0,4a02080000000004
1120,1120,0,4a02080000000004
1121,1121,0,4a02080000000000
1122,1122,0,4a02080000000000
1123,1123,0,4822080000000004
1124,1124,0,4822080000000004
1125,1125,0,4822080000000000
1126,1126,0,4822080000000000
1127,1127,0,4802100000000004
1128,1128,0,4802100000000004
1129,1129,0,6902100000000000
1130,1130,0,6c02100000000000
1131,1131,0,6c02100000000004
1132,1132,0,6c02100000000004
1133,1133,0,6c02100000000000
1134,1134,0,6c02100000000000
1135,1135,0,6c02100000000004
1136,1136,0,6c02100000000004
1137,1137,0,6c02100000000000
1138,1138,0,6802100000000000
1139,1139,0,6842100000000004
1140,1140,0,6842100000000004
1141,1141,0,6842100000000000
1142,1142,0,6842100000000000
1143,1143,0,6802100000000004
1144,1144,0,4882100000000004
1145,1145,0,4a02100000000000
1146,1146,0,4a02100000000000
1147,1147,0,4a02100000000004
1148,1148,0,4a02100000000004
1149,1149,0,4a02100000000000
1150,1150,0,4a02100000000000
1151,1151,0,4a22100000000004
1152,1152,0,4a22100000000004
1153,1153,0,4822100000000000
1154,1154,0,4822100000000000
1155,1155,0,4802180000000004
1156,1156,0,4802180000000004
1157,1157,0,4802180000000000
1158,1158,0,4802180000000000
1159,1159,0,6902180000000004
1160,1160,0,6c02180000000004
1161,1161,0,6c02180000000000
1162,1162,0,6c02180000000000
1163,1163,0,6c02180000000004
1164,1164,0,6c02180000000004
1165,1165,0,6c02180000000000
1166,1166,0,6c02180000000000
1167,1167,0,6c42180000000004
1168,1168,0,6842180000000004
1169,1169,0,6842180000000000
1170,1170,0,6842180000000000
1171,1171,0,6802180000000004
1172,1172,0,6802180000000004
1173,1173,0,6802180000000000
1174,1174,0,4882180000000000
1175,1175,0,4a02180000000004
1176,1176,0,4a02180000000004
1177,1177,0,4a02180000000000
1178,1178,0,4a02180000000000
1179,1179,0,4a02180000000004
1180,1180,0,4a02180000000004
1181,1181,0,4a02180000000000
1182,1182,0,4a02180000000000
1183,1183,0,4822180000000004
1184,1184,0,4822180000000004
1185,1185,0,4822180000000000
1186,1186,0,4822180000000000
1187,1187,0,4802200000000004
1188,1188,0,4802200000000004
1189,1189,0,6902200000000000
1190,1190,0,6c02200000000000
1191,1191,0,6c02200000000004
1192,1192,0,6c02200000000004
1193,1193,0,6c02200000000000
1194,1194,0,6c02200000000000
1195,1195,0,6c02200000000004
1196,1196,0,6c02200000000004
1197,1197,0,6c02200000000000
1198,1198,0,6802200000000000
1199,1199,0,6842200000000004
1200,1200,0,6842200000000004
1201,1201,0,6842200000000000
1202,1202,0,6842200000000000
1203,1203,0,6802200000000004
1204,1204,0,4882200000000004
1205,1205,0,4a02200000000000
1206,1206,0,4a02200000000000
1207,1207,0,4a02200000000004
1208,1208,0,4a02200000000004
1209,1209,0,4a02200000000000
1210,1210,0,4a02200000000000
1211,1211,0,4a22200000000004
1212,1212,0,4a22200000000004
1213,1213,0,4822200000000000
1214,1214,0,4822200000000000
1215,1215,0,4802280000000004
1216,1216,0,4802280000000004
1217,1217,0,4802280000000000
1218,1218,0,4802280000000000
1219,1219,0,6902280000000004
1220,1220,0,6c02280000000004
1221,1221,0,6c02280000000000
1222,1222,0,6c02280000000000
1223,1223,0,6c02280000000004
1224,1224,0,6c02280000000004
1225,1225,0,6c02280000000000
1226,1226,0,6c02280000000000
1227,1227,0,6c42280000000004
1228,1228,0,6842280000000004
1229,1229,0,6842280000000000
1230,1230,0,6842280000000000
1231,1231,0,6802280000000004
1232,1232,0,6802280000000004
1233,1233,0,6802280000000000
1234,1234,0,4882280000000000
1235,1235,0,4a02280000000004
1236,1236,0,4a02280000000004
1237,1237,0,4a02280000000000
1238,1238,0,4a02280000000000
1239,1239,0,4a02280000000004
1240,1240,0,4a02280000000004
1241,1241,0,4a02280000000000
1242,1242,0,4a02280000000000
1243,1243,0,4822280000000004
1244,1244,0,4822280000000004
1245,1245,0,4822280000000000
1246,1246,0,4822280000000000
1247,1247,0,4802300000000004
1248,1248,0,4802300000000004
1249,1249,0,6902300000000000
1250,1250,0,6c02300000000000
1251,1251,0,6c02300000000004
1252,1252,0,6c02300000000004
1253,1253,0,6c02300000000000
1254,1254,0,6c02300000000000
1255,1255,0,6c02300000000004
1256,1256,0,6c02300000000004
1257,1257,0,6c02300000000000
1258,1258,0,6802300000000000
1259,1259,0,6842300000000004
1260,1260,0,6842300000000004
1261,1261,0,6842300000000000
1262,1262,0,6842300000000000
1263,1263,0,6802300000000004
1264,1264,0,4882300000000004
1265,1265,0,4a02300000000000
1266,1266,0,4a02300000000000
1267,1267,0,4a02300000000004
1268,1268,0,4a02300000000004
1269,1269,0,4a02300000000000
1270,1270,0,4a02300000000000
1271,1271,0,4a22300000000004
1272,1272,0,4a22300000000004
1273,1273,0,4822300000000000
1274,1274,0,4822300000000000
1275,1275,0,4802380000000004
1276,1276,0,4802380000000004
1277,1277,0,4802380000000000
1278,1278,0,4802380000000000
1279,1279,0,6902380000000004
1280,1280,0,6c02380000000004
1281,1281,0,6c02380000000000
1282,1282,0,6c02380000000000
1283,1283,0,6c02380000000004
1284,1284,0,6c02380000000004
1285,1285,0,6c02380000000000
1286,1286,0,6c02380000000000
1287,1287,0,6c42380000000004
1288,1288,0,6842380000000004
1289,1289,0,6842380000000000
1290,1290,0,6842380000000000
1291,1291,0,6802380000000004
1292,1292,0,6802380000000004
1293,1293,0,6802380000000000
1294,1294,0,4882380000000000
1295,1295,0,4a02380000000004
1296,1296,0,4a02380000000004
1297,1297,0,4a02380000000000
1298,1298,0,4a02380000000000
1299,1299,0,4a02380000000004
1300,1300,0,4a02380000000004
1301,1301,0,4a02380000000000
1302,1302,0,4a02380000000000
1303,1303,0,4822380000000004
1304,1304,0,4822380000000004
1305,1305,0,4822380000000000
1306,1306,0,4822380000000000
1307,1307,0,4802400000000004
1308,1308,0,4802400000000004
1309,1309,0,6902400000000000
1310,1310,0,6c02400000000000
1311,1311,0,6c02400000000004
1312,1312,0,6c02400000000004
1313,1313,0,6c02400000000000
1314,1314,0,6c02400000000000
1315,1315,0,6c02400000000004
1316,1316,0,6c02400000000004
1317,1317,0,6c02400000000000
1318,1318,0,6802400000000000
1319,1319,0,6842400000000004
1320,1320,0,6842400000000004
1321,1321,0,6842400000000000
1322,1322,0,6842400000000000
1323,1323,0,6802400000000004
1324,1324,0,4882400000000004
1325,1325,0,4a02400000000000
1326,1326,0,4a02400000000000
1327,1327,0,4a02400000000004
1328,1328,0,4a02400000000004
1329,1329,0,4a02400000000000
1330,1330,0,4a02400000000000
1331,1331,0,4a22400000000004
1332,1332,0,4a22400000000004
1333,1333,0,4822400000000000
1334,1334,0,4822400000000000
1335,1335,0,4802480000000004
1336,1336,0,4802480000000004
1337,1337,0,4802480000000000
1338,1338,0,4802480000000000
1339,1339,0,6902480000000004
1340,1340,0,6c02480000000004
1341,1341,0,6c02480000000000
1342,1342,0,6c02480000000000
1343,1343,0,6c02480000000004
1344,1344,0,6c02480000000004
1345,1345,0,6c02480000000000
1346,1346,0,6c02480000000000
1347,1347,0,6c42480000000004
1348,1348,0,6842480000000004
1349,1349,0,6842480000000000
1350,1350,0,6842480000000000
1351,1351,0,6802480000000004
1352,1352,0,6802480000000004
1353,1353,0,6802480000000000
1354,1354,0,4882480000000000
1355,1355,0,4a02480000000004
1356,1356,0,4a02480000000004
1357,1357,0,4a02480000000000
1358,1358,0,4a02480000000000
1359,1359,0,4a02480000000004
1360,1360,0,4a02480000000004
1361,1361,0,4a02480000000000
1362,1362,0,4a02480000000000
1363,1363,0,4822480000000004
1364,1364,0,4822480000000004
1365,1365,0,4822480000000000
1366,1366,0,4822480000000000
1367,1367,0,4802500000000004
1368,1368,0,4802500000000004
1369,1369,0,6902500000000000
1370,1370,0,6c02500000000000
1371,1371,0,6c02500000000004
1372,1372,0,6c02500000000004
1373,1373,0,6c02500000000000
1374,1374,0,6c02500000000000
1375,1375,0,6c02500000000004
1376,1376,0,6c02500000000004
1377,1377,0,6c02500000000000
1378,1378,0,6802500000000000
1379,1379,0,6842500000000004
1380,1380,0,6842500000000004
1381,1381,0,6842500000000000
1382,1382,0,6842500000000000
1383,1383,0,6802500000000004
1384,1384,0,4882500000000004
1385,1385,0,4a02500000000000
1386,1386,0,4a02500000000000
1387,1387,0,4a02500000000004
1388,1388,0,4a02500000000004
1389,1389,0,4a02500000000000
1390,1390,0,4a02500000000000
1391,1391,0,4a22500000000004
1392,1392,0,4a22500000000004
1393,1393,0,4822500000000000
1394,1394,0,4822500000000000
1395,1395,0,4802580000000004
1396,1396,0,4802580000000004
1397,1397,0,4802580000000000
1398,1398,0,4802580000000000
1399,1399,0,6902580000000004
1400,1400,0,6c02580000000004
1401,1401,0,6c02580000000000
1402,1402,0,6c02580000000000
1403,1403,0,6c02580000000004
1404,1404,0,6c02580000000004
1405,1405,0,6c02580000000000
1406,1406,0,6c02580000000000
1407,1407,0,6c42580000000004
1408,1408,0,6842580000000004
1409,1409,0,6842580000000000
1410,1410,0,6842580000000000
1411,1411,0,6802580000000004
1412,1412,0,6802580000000004
1413,1413,0,6802580000000000
1414,1414,0,4882580000000000
1415,1415,0,4a02580000000004
1416,1416,0,4a02580000000004
1417,1417,0,4a02580000000000
1418,1418,0,4a02580000000000
1419,1419,0,4a02580000000004
1420,1420,0,4a02580000000004
1421,1421,0,4a02580000000000
1422,1422,0,4a02580000000000
1423,1423,0,4822580000000004
1424,1424,0,4822580000000004
1425,1425,0,4822580000000000
1426,1426,0,4822580000000000
1427,1427,0,4802600000000004
1428,1428,0,4802600000000004
1429,1429,0,6902600000000000
1430,1430,0,6c02600000000000
1431,1431,0,6c02600000000004
1432,1432,0,6c02600000000004
1433,1433,0,6c02600000000000
1434,1434,0,6c02600000000000
1435,1435,0,6c02600000000004
1436,1436,0,6c02600000000004
1437,1437,0,6c02600000000000
1438,1438,0,6802600000000000
1439,1439,0,6842600000000004
1440,1440,0,6842600000000004
1441,1441,0,6842600000000000
1442,1442,0,6842600000000000
1443,1443,0,6802600000000004
1444,1444,0,4882600000000004
1445,1445,0,4a02600000000000
1446,1446,0,4a02600000000000
1447,1447,0,4a02600000000004
1448,1448,0,4a02600000000004
1449,1449,0,4a02600000000000
1450,1450,0,4a02600000000000
1451,1451,0,4a22600000000004
1452,1452,0,4a22600000000004
1453,1453,0,4822600000000000
1454,1454,0,4822600000000000
1455,1455,0,4802680000000004
1456,1456,0,4802680000000004
1457,1457,0,4802680000000000
1458,1458,0,4802680000000000
1459,1459,0,6902680000000004
1460,1460,0,6c02680000000004
1461,1461,0,6c02680000000000
1462,1462,0,6c02680000000000
1463,1463,0,6c02680000000004
1464,1464,0,6c02680000000004
1465,1465,0,6c02680000000000
1466,1466,0,6c02680000000000
1467,1467,0,6c42680000000004
1468,1468,0,6842680000000004
1469,1469,0,6842680000000000
1470,1470,0,6842680000000000
1471,1471,0,6802680000000004
1472,1472,0,6802680000000004
1473,1473,0,6802680000000000
1474,1474,0,4882680000000000
1475,1475,0,4a02680000000004
1476,1476,0,4a02680000000004
1477,1477,0,4a02680000000000
1478,1478,0,4a02680000000000
1479,1479,0,4a02680000000004
1480,1480,0,4a02680000000004
1481,1481,0,4a02680000000000
1482,1482,0,4a02680000000000
1483,1483,0,4822680000000004
1484,1484,0,4822680000000004
1485,1485,0,4822680000000000
1486,1486,0,4822680000000000
1487,1487,0,4802700000000004
1488,1488,0,4802700000000004
1489,1489,0,6902700000000000
1490,1490,0,6c02700000000000
1491,1491,0,6c02700000000004
1492,1492,0,6c02700000000004
1493,1493,0,6c02700000000000
1494,1494,0,6c02700000000000
1495,1495,0,6c02700000000004
1496,1496,0,6c02700000000004
1497,1497,0,6c02700000000000
1498,1498,0,6802700000000000
1499,1499,0,6842700000000004
1500,1500,0,6842700000000004
1501,1501,0,6842700000000000
1502,1502,0,6842700000000000
1503,1503,0,6802700000000004
1504,1504,0,4882700000000004
1505,1505,0,4a02700000000000
1506,1506,0,4a02700000000000
1507,1507,0,4a02700000000004
1508,1508,0,4a02700000000004
1509,1509,0,4a02700000000000
1510,1510,0,4a02700000000000
1511,1511,0,4a22700000000004
1512,1512,0,4a22700000000004
1513,1513,0,4822700000000000
1514,1514,0,4822700000000000
1515,1515,0,4802780000000004
1516,1516,0,4802780000000004
1517,1517,0,4802780000000000
1518,1518,0,4802780000000000
1519,1519,0,6902780000000004
1520,1520,0,6c02780000000004
1521,1521,0,6c02780000000000
1522,1522,0,6c02780000000000
1523,1523,0,6c02780000000004
1524,1524,0,6c02780000000004
1525,1525,0,6c02780000000000
1526,1526,0,6c02780000000000
1527,1527,0,6c42780000000004
1528,1528,0,6842780000000004
1529,1529,0,6842780000000000
1530,1530,0,6842780000000000
1531,1531,0,6802780000000004
1532,1532,0,6802780000000004
1533,1533,0,6802780000000000
1534,1534,0,4882780000000000
1535,1535,0,4a02780000000004
1536,1536,0,4a02780000000004
1537,1537,0,4a02780000000000
1538,1538,0,4a02780000000000
1539,1539,0,4a02780000000004
1540,1540,0,4a02780000000004
1541,1541,0,4a02780000000000
1542,1542,0,4a02780000000000
1543,1543,0,4822780000000004
1544,1544,0,4822780000000004
1545,1545,0,4822780000000000
1546,1546,0,4822780000000000
1547,1547,0,4802800000000004
1548,1548,0,4802800000000004
1549,1549,0,6902800000000000
1550,1550,0,6c02800000000000
1551,1551,0,6c02800000000004
1552,1552,0,6c02800000000004
1553,1553,0,6c02800000000000
1554,1554,0,6c02800000000000
1555,1555,0,6c02800000000004
1556,1556,0,6c02800000000004
1557,1557,0,6c02800000000000
1558,1558,0,6802800000000000
1559,1559,0,6842800000000004
1560,1560,0,6842800000000004
1561,1561,0,6842800000000000
1562,1562,0,6842800000000000
1563,1563,0,6802800000000004
1564,1564,0,4882800000000004
1565,1565,0,4a02800000000000
1566,1566,0,4a02800000000000
1567,1567,0,4a02800000000004
1568,1568,0,4a02800000000004
1569,1569,0,4a02800000000000
1570,1570,0,4a02800000000000
1571,1571,0,4a22800000000004
1572,1572,0,4a22800000000004
1573,1573,0,4822800000000000
1574,1574,0,4822800000000000
1575,1575,0,4802880000000004
1576,1576,0,4802880000000004
1577,1577,0,4802880000000000
1578,1578,0,4802880000000000
1579,1579,0,6902880000000004
1580,1580,0,6c02880000000004
1581,1581,0,6c02880000000000
1582,1582,0,6c02880000000000
1583,1583,0,6c02880000000004
1584,1584,0,6c02880000000004
1585,1585,0,6c02880000000000
1586,1586,0,6c02880000000000
1587,1587,0,6c42880000000004
1588,1588,0,6842880000000004
1589,1589,0,6842880000000000
1590,1590,0,6842880000000000
1591,1591,0,6802880000000004
1592,1592,0,6802880000000004
1593,1593,0,6802880000000000
1594,1594,0,4882880000000000
1595,1595,0,4a02880000000004
1596,1596,0,4a02880000000004
1597,1597,0,4a02880000000000
1598,1598,0,4a02880000000000
1599,1599,0,4a02880000000004
1600,1600,0,4a02880000000004
1601,1601,0,4a02880000000000
1602,1602,0,4a02880000000000
1603,1603,0,4822880000000004
1604,1604,0,4822880000000004
1605,1605,0,4822880000000000
1606,1606,0,4822880000000000
1607,1607,0,4802900000000004
1608,1608,0,4802900000000004
1609,1609,0,6902900000000000
1610,1610,0,6c02900000000000
1611,1611,0,6c02900000000004
1612,1612,0,6c02900000000004
1613,1613,0,6c02900000000000
1614,1614,0,6c02900000000000
1615,1615,0,6c02900000000004
1616,1616,0,6c02900000000004
1617,1617,0,6c02900000000000
1618,1618,0,6802900000000000
1619,1619,0,6842900000000004
1620,1620,0,6842900000000004
1621,1621,0,6842900000000000
1622,1622,0,6842900000000000
1623,1623,0,6802900000000004
1624,1624,0,4882900000000004
1625,1625,0,4a02900000000000
1626,1626,0,4a02900000000000
1627,1627,0,4a02900000000004
1628,1628,0,4a02900000000004
1629,1629,0,4a02900000000000
1630,1630,0,4a02900000000000
1631,1631,0,4a22900000000004
1632,1632,0,4a22900000000004
1633,1633,0,4822900000000000
1634,1634,0,4822900000000000
1635,1635,0,4802980000000004
1636,1636,0,4802980000000004
1637,1637,0,4802980000000000
1638,1638,0,4802980000000000
1639,1639,0,6902980000000004
1640,1640,0,6c02980000000004
1641,1641,0,6c02980000000000
1642,1642,0,6c02980000000000
1643,1643,0,6c02980000000004
1644,1644,0,6c02980000000004
1645,1645,0,6c02980000000000
1646,1646,0,6c02980000000000
1647,1647,0,6c42980000000004
1648,1648,0,6842980000000004
1649,1649,0,6842980000000000
1650,1650,0,6842980000000000
1651,1651,0,6802980000000004
1652,1652,0,6802980000000004
1653,1653,0,6802980000000000
1654,1654,0,4882980000000000
1655,1655,0,4a02980000000004
1656,1656,0,4a02980000000004
1657,1657,0,4a02980000000000
1658,1658,0,4a02980000000000
1659,1659,0,4a02980000000004
1660,1660,0,4a02980000000004
1661,1661,0,4a02980000000000
1662,1662,0,4a02980000000000
1663,1663,0,4822980000000004
1664,1664,0,4822980000000004
1665,1665,0,4822980000000000
1666,1666,0,4822980000000000
1667,1667,0,4802a00000000004
1668,1668,0,4802a00000000004
1669,1669,0,6902a00000000000
1670,1670,0,6c02a00000000000
1671,1671,0,6c02a00000000004
1672,1672,0,6c02a00000000004
1673,1673,0,6c02a00000000000
1674,1674,0,6c02a00000000000
1675,1675,0,6c02a00000000004
1676,1676,0,6c02a00000000004
1677,1677,0,6c02a00000000000
1678,1678,0,6802a00000000000
1679,1679,0,6842a00000000004
1680,1680,0,6842a00000000004
1681,1681,0,6842a00000000000
1682,1682,0,6842a00000000000
1683,1683,0,6802a00000000004
1684,1684,0,4882a00000000004
1685,1685,0,4a02a00000000000
1686,1686,0,4a02a00000000000
1687,1687,0,4a02a00000000004
1688,1688,0,4a02a00000000004
1689,1689,0,4a02a00000000000
1690,1690,0,4a02a00000000000
1691,1691,0,4a22a00000000004
1692,1692,0,4a22a00000000004
1693,1693,0,4822a00000000000
1694,1694,0,4822a00000000000
1695,1695,0,4802a80000000004
1696,1696,0,4802a80000000004
1697,1697,0,4802a80000000000
1698,1698,0,4802a80000000000
1699,1699,0,6902a80000000004
1700,1700,0,6c02a80000000004
1701,1701,0,6c02a80000000000
1702,1702,0,6c02a80000000000
1703,1703,0,6c02a80000000004
1704,1704,0,6c02a80000000004
1705,1705,0,6c02a80000000000
1706,1706,0,6c02a80000000000
1707,1707,0,6c42a80000000004
1708,1708,0,6842a80000000004
1709,1709,0,6842a80000000000
1710,1710,0,6842a80000000000
1711,1711,0,6802a80000000004
1712,1712,0,6802a80000000004
1713,1713,0,6802a80000000000
1714,1714,0,4882a80000000000
1715,1715,0,4a02a80000000004
1716,1716,0,4a02a80000000004
1717,1717,0,4a02a80000000000
1718,1718,0,4a02a80000000000
1719,1719,0,4a02a80000000004
1720,1720,0,4a02a80000000004
1721,1721,0,4a02a80000000000
1722,1722,0,4a02a80000000000
1723,1723,0,4822a80000000004
1724,1724,0,4822a80000000004
1725,1725,0,4822a80000000000
1726,1726,0,4822a80000000000
1727,1727,0,4802b00000000004
1728,1728,0,4802b00000000004
1729,1729,0,6902b00000000000
1730,1730,0,6c02b00000000000
1731,1731,0,6c02b00000000004
1732,1732,0,6c02b00000000004
1733,1733,0,6c02b00000000000
1734,1734,0,6c02b00000000000
1735,1735,0,6c02b00000000004
1736,1736,0,6c02b00000000004
1737,1737,0,6c02b00000000000
1738,1738,0,6802b00000000000
1739,1739,0,6842b00000000004
1740,1740,0,6842b00000000004
1741,1741,0,6842b00000000000
1742,1742,0,6842b00000000000
1743,1743,0,6802b00000000004
1744,1744,0,4882b00000000004
1745,1745,0,4a02b00000000000
1746,1746,0,4a02b00000000000
1747,1747,0,4a02b00000000004
1748,1748,0,4a02b00000000004
1749,1749,0,4a02b00000000000
1750,1750,0,4a02b00000000000
1751,1751,0,4a22b00000000004
1752,1752,0,4a22b00000000004
1753,1753,0,4822b00000000000
1754,1754,0,4822b00000000000
1755,1755,0,4802b80000000004
1756,1756,0,4802b80000000004
1757,1757,0,4802b80000000000
1758,1758,0,4802b80000000000
1759,1759,0,6902b80000000004
1760,1760,0,6c02b80000000004
1761,1761,0,6c02b80000000000
1762,1762,0,6c02b80000000000
1763,1763,0,6c02b80000000004
1764,1764,0,6c02b80000000004
1765,1765,0,6c02b80000000000
1766,1766,0,6c02b80000000000
1767,1767,0,6c42b80000000004
1768,1768,0,6842b80000000004
1769,1769,0,6842b80000000000
1770,1770,0,6842b80000000000
1771,1771,0,6802b80000000004
1772,1772,0,6802b80000000004
1773,1773,0,6802b80000000000
1774,1774,0,4882b80000000000
1775,1775,0,4a02b80000000004
1776,1776,0,4a02b80000000004
1777,1777,0,4a02b80000000000
1778,1778,0,4a02b80000000000
1779,1779,0,4a02b80000000004
1780,1780,0,4a02b80000000004
1781,1781,0,4a02b80000000000
1782,1782,0,4a02b80000000000
1783,1783,0,4822b80000000004
1784,1784,0,4822b80000000004
1785,1785,0,4822b80000000000
1786,1786,0,4822b80000000000
1787,1787,0,4802c00000000004
1788,1788,0,4802c00000000004
1789,1789,0,6902c00000000000
1790,1790,0,6c02c00000000000
1791,1791,0,6c02c00000000004
1792,1792,0,6c02c00000000004
1793,1793,0,6c02c00000000000
1794,1794,0,6c02c00000000000
1795,1795,0,6c02c00000000004
1796,1796,0,6c02c00000000004
1797,1797,0,6c02c00000000000
1798,1798,0,6802c00000000000
1799,1799,0,6842c00000000004
1800,1800,0,6842c00000000004
1801,1801,0,6842c00000000000
1802,1802,0,6842c00000000000
1803,1803,0,6802c00000000004
1804,1804,0,4882c00000000004
1805,1805,0,4a02c00000000000
1806,1806,0,4a02c00000000000
1807,1807,0,4a02c00000000004
1808,1808,0,4a02c00000000004
1809,1809,0,4a02c00000000000
1810,1810,0,4a02c00000000000
1811,1811,0,4a22c00000000004
1812,1812,0,4a22c00000000004
1813,1813,0,4822c00000000000
1814,1814,0,4822c00000000000
1815,1815,0,4802c80000000004
1816,1816,0,4802c80000000004
1817,1817,0,4802c80000000000
1818,1818,0,4802c80000000000
1819,1819,0,6902c80000000004
1820,1820,0,6c02c80000000004
1821,1821,0,6c02c80000000000
1822,1822,0,6c02c80000000000
1823,1823,0,6c02c80000000004
1824,1824,0,6c02c80000000004
1825,1825,0,6c02c80000000000
1826,1826,0,6c02c80000000000
1827,1827,0,6c42c80000000004
1828,1828,0,6842c80000000004
1829,1829,0,6842c80000000000
1830,1830,0,6842c80000000000
1831,1831,0,6802c80000000004
1832,1832,0,6802c80000000004
1833,1833,0,6802c80000000000
1834,1834,0,4882c80000000000
1835,1835,0,4a02c80000000004
1836,1836,0,4a02c80000000004
1837,1837,0,4a02c80000000000
1838,1838,0,4a02c80000000000
1839,1839,0,4a02c80000000004
1840,1840,0,4a02c80000000004
1841,1841,0,4a02c80000000000
1842,1842,0,4a02c80000000000
1843,1843,0,4822c80000000004
1844,1844,0,4822c80000000004
1845,1845,0,4822c80000000000
1846,1846,0,4822c80000000000
1847,1847,0,4802d00000000004
1848,1848,0,4802d00000000004
1849,1849,0,6902d00000000000
1850,1850,0,6c02d00000000000
1851,1851,0,6c02d00000000004
1852,1852,0,6c02d00000000004
1853,1853,0,6c02d00000000000
1854,1854,0,6c02d00000000000
1855,1855,0,6c02d00000000004
1856,1856,0,6c02d00000000004
1857,1857,0,6c02d00000000000
1858,1858,0,6802d00000000000
1859,1859,0,6842d00000000004
1860,1860,0,6842d00000000004
1861,1861,0,6842d00000000000
1862,1862,0,6842d00000000000
1863,1863,0,6802d00000000004
1864,1864,0,4882d00000000004
1865,1865,0,4a02d00000000000
1866,1866,0,4a02d00000000000
1867,1867,0,4a02d00000000004
1868,1868,0,4a02d00000000004
1869,1869,0,4a02d00000000000
1870,1870,0,4a02d00000000000
1871,1871,0,4a22d00000000004
1872,1872,0,4a22d00000000004
1873,1873,0,4822d00000000000
1874,1874,0,4822d00000000000
1875,1875,0,4802d80000000004
1876,1876,0,4802d80000000004
1877,1877,0,4802d80000000000
1878,1878,0,4802d80000000000
1879,1879,0,6902d80000000004
1880,1880,0,6c02d80000000004
1881,1881,0,6c02d80000000000
1882,1882,0,6c02d80000000000
1883,1883,0,6c02d80000000004
1884,1884,0,6c02d80000000004
1885,1885,0,6c02d80000000000
1886,1886,0,6c02d80000000000
1887,1887,0,6c42d80000000004
1888,1888,0,6842d80000000004
1889,1889,0,6842d80000000000
1890,1890,0,6842d80000000000
1891,1891,0,6802d80000000004
1892,1892,0,6802d80000000004
1893,1893,0,6802d80000000000
1894,1894,0,4882d80000000000
1895,1895,0,4a02d80000000004
1896,1896,0,4a02d80000000004
1897,1897,0,4a02d80000000000
1898,1898,0,4a02d80000000000
1899,1899,0,4a02d80000000004
1900,1900,0,4a02d80000000004
1901,1901,0,4a02d80000000000
1902,1902,0,4a02d80000000000
1903,1903,0,4822d80000000004
1904,1904,0,4822d80000000004
1905,1905,0,4822d80000000000
1906,1906,0,4822d80000000000
1907,1907,0,4802e00000000004
1908,1908,0,4802e00000000004
1909,1909,0,6902e00000000000
1910,1910,0,6c02e00000000000
1911,1911,0,6c02e00000000004
1912,1912,0,6c02e00000000004
1913,1913,0,6c02e00000000000
1914,1914,0,6c02e00000000000
1915,1915,0,6c02e00000000004
1916,1916,0,6c02e00000000004
1917,1917,0,6c02e00000000000
1918,1918,0,6802e00000000000
1919,1919,0,6842e00000000004
1920,1920,0,6842e00000000004
1921,1921,0,6842e00000000000
1922,1922,0,6842e00000000000
1923,1923,0,6802e00000000004
1924,1924,0,4882e00000000004
1925,1925,0,4a02e00000000000
1926,1926,0,4a02e00000000000
1927,1927,0,4a02e00000000004
1928,1928,0,4a02e00000000004
1929,1929,0,4a02e00000000000
1930,1930,0,4a02e00000000000
1931,1931,0,4a22e00000000004
1932,1932,0,4a22e00000000004
1933,1933,0,4822e00000000000
1934,1934,0,4822e00000000000
1935,1935,0,4802e80000000004
1936,1936,0,4802e80000000004
1937,1937,0,4802e80000000000
1938,1938,0,4802e80000000000
1939,1939,0,6902e80000000004
1940,1940,0,6c02e80000000004
1941,1941,0,6c02e80000000000
1942,1942,0,6c02e80000000000
1943,1943,0,6c02e80000000004
1944,1944,0,6c02e80000000004
1945,1945,0,6c02e80000000000
1946,1946,0,6c02e80000000000
1947,1947,0,6c42e80000000004
1948,1948,0,6842e80000000004
1949,1949,0,6842e80000000000
1950,1950,0,6842e80000000000
1951,1951,0,6802e80000000004
1952,1952,0,6802e80000000004
1953,1953,0,6802e80000000000
1954,1954,0,4882e80000000000
1955,1955,0,4a02e80000000004
1956,1956,0,4a02e80000000004
1957,1957,0,4a02e80000000000
1958,1958,0,4a02e80000000000
1959,1959,0,4a02e80000000004
1960,1960,0,4a02e80000000004
1961,1961,0,4a02e80000000000
1962,1962,0,4a02e80000000000
1963,1963,0,4822e80000000004
1964,1964,0,4822e80000000004
1965,1965,0,4822e80000000000
1966,1966,0,4822e80000000000
1967,1967,0,4802f00000000004
1968,1968,0,4802f00000000004
1969,1969,0,6902f00000000000
1970,1970,0,6c02f00000000000
1971,1971,0,6c02f00000000004
1972,1972,0,6c02f00000000004
1973,1973,0,6c02f00000000000
1974,1974,0,6c02f00000000000
1975,1975,0,6c02f00000000004
1976,1976,0,6c02f00000000004
1977,1977,0,6c02f00000000000
1978,1978,0,6802f00000000000
1979,1979,0,6842f00000000004
1980,1980,0,6842f00000000004
1981,1981,0,6842f00000000000
1982,1982,0,6842f00000000000
1983,1983,0,6802f00000000004
1984,1984,0,4882f00000000004
1985,1985,0,4a02f00000000000
1986,1986,0,4a02f00000000000
1987,1987,0,4a02f00000000004
1988,1988,0,4a02f00000000004
1989,1989,0,4a02f00000000000
1990,1990,0,4a02f00000000000
1991,1991,0,4a22f00000000004
1992,1992,0,4a22f00000000004
1993,1993,0,4822f00000000000
1994,1994,0,4822f00000000000
1995,1995,0,4802f80000000004
1996,1996,0,4802f80000000004
1997,1997,0,4802f80000000000
1998,1998,0,4802f80000000000
1999,1999,0,6902f80000000004
2000,2000,0,6c02f80000000004
2001,2001,0,6c02f80000000000
2002,2002,0,6c02f80000000000
2003,2003,0,6c02f80000000004
2004,2004,0,6c02f80000000004
2005,2005,0,6c02f80000000000
2006,2006,0,6c02f80000000000
2007,2007,0,6c42f80000000004
2008,2008,0,6842f80000000004
2009,2009,0,6842f80000000000
2010,2010,0,6842f80000000000
2011,2011,0,6802f80000000004
2012,2012,0,6802f80000000004
2013,2013,0,6802f80000000000
2014,2014,0,4882f80000000000
2015,2015,0,4a02f80000000004
2016,2016,0,4a02f80000000004
2017,2017,0,4a02f80000000000
2018,2018,0,4a02f80000000000
2019,2019,0,4a02f80000000004
2020,2020,0,4a02f80000000004
2021,2021,0,4a02f80000000000
2022,2022,0,4a02f80000000000
2023,2023,0,4822f80000000004
2024,2024,0,4822f80000000004
2025,2025,0,4822f80000000000
2026,2026,0,4822f80000000000
2027,2027,0,4803000000000004
2028,2028,0,4803000000000004
2029,2029,0,6903000000000000
2030,2030,0,6c03000000000000
2031,2031,0,6c03000000000004
2032,2032,0,6c03000000000004
2033,2033,0,6c03000000000000
2034,2034,0,6c03000000000000
2035,2035,0,6c03000000000004
2036,2036,0,6c03000000000004
2037,2037,0,6c03000000000000
2038,2038,0,6803000000000000
2039,2039,0,6843000000000004
2040,2040,0,6843000000000004
2041,2041,0,6843000000000000
2042,2042,0,6843000000000000
2043,2043,0,6803000000000004
2044,2044,0,4883000000000004
2045,2045,0,4a03000000000000
2046,2046,0,4a03000000000000
2047,2047,0,4a03000000000004
